date,open,close,high,low,volume
2026-02-12,7.29,7.18,7.3,7.17,353083700.0
2026-02-11,7.32,7.29,7.32,7.27,138803100.0
2026-02-10,7.28,7.3,7.34,7.26,194804800.0
2026-02-09,7.25,7.28,7.29,7.21,203253000.0
2026-02-06,7.31,7.26,7.35,7.22,251460100.0
2026-02-05,7.25,7.3,7.32,7.23,310157500.0
2026-02-04,7.18,7.24,7.29,7.17,308484400.0
2026-02-03,7.3,7.18,7.31,7.15,449210800.0
2026-02-02,7.26,7.32,7.39,7.25,541179100.0
2026-01-30,7.27,7.25,7.39,7.22,460741400.0
2026-01-29,7.19,7.26,7.3,7.16,438099600.0
2026-01-28,7.21,7.2,7.29,7.16,456456300.0
2026-01-27,7.24,7.23,7.37,7.21,469808100.0
2026-01-26,7.19,7.24,7.32,7.15,455056600.0
2026-01-23,7.27,7.21,7.29,7.17,377013400.0
2026-01-22,7.35,7.27,7.38,7.25,388067400.0
2026-01-21,7.53,7.35,7.56,7.34,474520800.0
2026-01-20,7.52,7.54,7.57,7.5,302886300.0
2026-01-19,7.6,7.53,7.63,7.5,329064000.0
2026-01-16,7.67,7.61,7.68,7.58,340670600.0
2026-01-15,7.68,7.68,7.74,7.66,287026700.0
2026-01-14,7.79,7.69,7.79,7.68,390138300.0
2026-01-13,7.75,7.81,7.85,7.74,365192500.0
2026-01-12,7.7,7.74,7.77,7.65,292385200.0
2026-01-09,7.69,7.71,7.72,7.64,241093000.0
2026-01-08,7.74,7.69,7.74,7.65,291914000.0
2026-01-07,7.78,7.75,7.79,7.7,329789600.0
2026-01-06,7.81,7.8,7.81,7.76,259577000.0
2026-01-05,7.91,7.82,7.94,7.76,425414500.0
2025-12-31,7.83,7.93,7.96,7.83,286652800.0
2025-12-30,7.84,7.85,7.87,7.79,208754600.0
2025-12-29,7.81,7.87,7.9,7.77,270638600.0
2025-12-26,7.84,7.81,7.86,7.79,150069700.0
2025-12-25,7.9,7.86,7.91,7.83,165519000.0
2025-12-24,7.92,7.91,7.96,7.88,173667100.0
2025-12-23,7.89,7.92,7.95,7.87,200057000.0
2025-12-22,7.86,7.89,7.91,7.83,166891500.0
2025-12-19,7.96,7.88,7.98,7.86,235588200.0
2025-12-18,7.81,7.99,8.0,7.79,241748400.0
2025-12-17,7.78,7.81,7.87,7.75,220686100.0
2025-12-16,7.81,7.79,7.83,7.73,193438900.0
2025-12-15,7.82,7.81,7.86,7.77,250971300.0
2025-12-12,7.829,7.829,7.839,7.699,519110500.0
2025-12-11,7.809,7.859,7.859,7.759,262176000.0
2025-12-10,7.949,7.799,7.979,7.779,308417600.0
2025-12-09,7.869,7.959,8.009,7.839,265490100.0
2025-12-08,7.849,7.849,7.899,7.809,213082000.0
2025-12-05,7.899,7.849,7.959,7.809,246147300.0
2025-12-04,7.929,7.909,7.949,7.879,149101200.0
2025-12-03,7.919,7.909,8.009,7.889,221258500.0
2025-12-02,7.949,7.949,7.979,7.879,214519000.0
2025-12-01,7.909,7.949,7.969,7.879,265260900.0
2025-11-28,8.009,7.969,8.029,7.939,208401600.0
2025-11-27,8.009,8.019,8.049,7.919,234412200.0
2025-11-26,8.169,8.019,8.239,8.009,331042000.0
2025-11-25,8.039,8.169,8.179,7.989,305543000.0
2025-11-24,8.059,8.059,8.119,7.979,348919000.0
2025-11-21,8.139,8.109,8.239,8.079,464444700.0
2025-11-20,8.069,8.129,8.259,8.039,359487700.0
2025-11-19,8.059,8.089,8.179,8.029,234428300.0
2025-11-18,7.999,8.059,8.109,7.969,217596000.0
2025-11-17,8.109,8.029,8.119,7.969,258276800.0
2025-11-14,8.089,8.109,8.239,8.079,306335100.0
2025-11-13,8.069,8.069,8.099,7.939,290137900.0
2025-11-12,8.019,8.049,8.179,8.009,359289800.0
2025-11-11,7.959,8.019,8.029,7.929,191740100.0
2025-11-10,7.879,7.979,7.989,7.839,223291300.0
2025-11-07,7.949,7.909,8.019,7.879,280161400.0
2025-11-06,7.979,7.949,8.009,7.919,300975800.0
2025-11-05,8.029,7.999,8.069,7.949,394153600.0
2025-11-04,7.749,7.989,7.999,7.749,441097600.0
2025-11-03,7.649,7.759,7.799,7.639,342073400.0
2025-10-31,7.729,7.639,7.729,7.529,369325300.0
2025-10-30,7.689,7.699,7.759,7.639,278716100.0
2025-10-29,7.839,7.689,7.849,7.659,368304400.0
2025-10-28,7.759,7.849,7.879,7.709,332040800.0
2025-10-27,7.659,7.769,7.799,7.599,391994700.0
2025-10-24,7.659,7.699,7.749,7.619,326362300.0
2025-10-23,7.619,7.699,7.749,7.569,432661400.0
2025-10-22,7.489,7.619,7.649,7.479,381586600.0
2025-10-21,7.439,7.499,7.509,7.399,344113900.0
2025-10-20,7.449,7.469,7.509,7.329,391978600.0
2025-10-17,7.489,7.479,7.579,7.429,408700200.0
2025-10-16,7.289,7.489,7.509,7.289,495623300.0
2025-10-15,7.329,7.319,7.399,7.279,407599300.0
2025-10-14,7.119,7.359,7.359,7.079,693878100.0
2025-10-13,7.179,7.129,7.219,7.089,395738600.0
2025-10-10,7.149,7.169,7.219,7.139,304869700.0
2025-10-09,7.109,7.169,7.179,7.059,297741100.0
2025-09-30,7.169,7.159,7.189,7.119,244567600.0
2025-09-29,7.239,7.189,7.259,7.119,405003900.0
2025-09-26,7.209,7.269,7.289,7.159,273359300.0
2025-09-25,7.299,7.239,7.319,7.169,323722800.0
2025-09-24,7.249,7.329,7.389,7.229,514206900.0
2025-09-23,7.019,7.259,7.269,6.989,628825600.0
2025-09-22,7.059,7.039,7.109,7.009,275089100.0
2025-09-19,7.139,7.059,7.139,6.979,480709800.0
2025-09-18,7.309,7.149,7.319,7.139,529780700.0
2025-09-17,7.279,7.319,7.319,7.259,247584200.0
2025-09-16,7.269,7.309,7.349,7.269,289347600.0
2025-09-15,7.309,7.289,7.369,7.259,329581900.0
2025-09-12,7.349,7.339,7.399,7.309,299282500.0
2025-09-11,7.319,7.369,7.439,7.249,541515900.0
2025-09-10,7.299,7.329,7.339,7.239,288656000.0
2025-09-09,7.249,7.289,7.319,7.239,266279400.0
2025-09-08,7.269,7.259,7.299,7.229,354276000.0
2025-09-05,7.379,7.299,7.399,7.259,441709300.0
2025-09-04,7.259,7.399,7.459,7.119,876005900.0
2025-09-03,7.429,7.299,7.439,7.279,491977100.0
2025-09-02,7.229,7.429,7.429,7.209,769065200.0
2025-09-01,7.289,7.239,7.309,7.219,384543600.0
2025-08-29,7.239,7.289,7.389,7.239,519615100.0
2025-08-28,7.269,7.239,7.299,7.179,465468900.0
2025-08-27,7.399,7.269,7.399,7.269,515724800.0
2025-08-26,7.439,7.409,7.479,7.399,299832800.0
2025-08-25,7.459,7.449,7.469,7.409,413159800.0
2025-08-22,7.459,7.489,7.489,7.389,383772800.0
2025-08-21,7.429,7.459,7.479,7.369,344302800.0
2025-08-20,7.439,7.429,7.479,7.419,331520600.0
2025-08-19,7.389,7.429,7.459,7.369,338524700.0
2025-08-18,7.369,7.389,7.399,7.319,407237200.0
2025-08-15,7.559,7.409,7.579,7.339,648005800.0
2025-08-14,7.559,7.549,7.619,7.529,283487300.0
2025-08-13,7.629,7.559,7.679,7.559,336019700.0
2025-08-12,7.549,7.639,7.669,7.529,318398100.0
2025-08-11,7.639,7.559,7.659,7.539,336839200.0
2025-08-08,7.699,7.649,7.759,7.629,273925800.0
2025-08-07,7.609,7.699,7.729,7.559,378982100.0
2025-08-06,7.609,7.619,7.659,7.569,296778200.0
2025-08-05,7.539,7.619,7.619,7.489,340318200.0
2025-08-04,7.489,7.539,7.639,7.479,448275100.0
2025-08-01,7.419,7.479,7.529,7.339,514590000.0
2025-07-31,7.349,7.419,7.449,7.279,480969600.0
2025-07-30,7.289,7.349,7.409,7.259,390727100.0
2025-07-29,7.349,7.289,7.379,7.289,292271900.0
2025-07-28,7.349,7.349,7.399,7.319,273422700.0
2025-07-25,7.389,7.349,7.439,7.339,330891700.0
2025-07-24,7.509,7.409,7.529,7.389,462394800.0
2025-07-23,7.449,7.509,7.589,7.419,489105600.0
2025-07-22,7.529,7.459,7.539,7.419,477834500.0
2025-07-21,7.619,7.559,7.629,7.529,313546600.0
2025-07-18,7.599,7.629,7.679,7.559,272785000.0
2025-07-17,7.649,7.609,7.669,7.579,279321700.0
2025-07-16,7.629,7.659,7.659,7.559,352498800.0
2025-07-15,7.719,7.659,7.739,7.619,318688100.0
2025-07-14,7.759,7.699,7.839,7.699,470693500.0
2025-07-11,7.814,7.704,8.054,7.704,888595600.0
2025-07-10,7.564,7.774,7.824,7.564,587046600.0
2025-07-09,7.454,7.544,7.624,7.444,289827600.0
2025-07-08,7.424,7.454,7.474,7.394,198342000.0
2025-07-07,7.434,7.424,7.464,7.394,194883400.0
2025-07-04,7.334,7.444,7.474,7.324,289057100.0
2025-07-03,7.374,7.334,7.414,7.294,225654100.0
2025-07-02,7.374,7.374,7.404,7.344,206829100.0
2025-07-01,7.284,7.354,7.434,7.274,268331900.0
2025-06-30,7.174,7.284,7.304,7.114,306147200.0
2025-06-27,7.414,7.194,7.454,7.174,482051100.0
2025-06-26,7.354,7.414,7.444,7.314,293189000.0
2025-06-25,7.304,7.364,7.404,7.214,349545200.0
2025-06-24,7.204,7.324,7.334,7.194,356019900.0
2025-06-23,7.054,7.214,7.254,7.024,389737800.0
2025-06-20,6.984,7.064,7.074,6.974,310692800.0
2025-06-19,6.934,6.994,6.994,6.894,284178000.0
2025-06-18,6.864,6.944,6.944,6.854,332132300.0
2025-06-17,6.824,6.864,6.864,6.814,227938300.0
2025-06-16,6.774,6.834,6.834,6.714,278604000.0
2025-06-13,6.804,6.784,6.824,6.774,280894800.0
2025-06-12,6.814,6.804,6.824,6.784,231833600.0
2025-06-11,6.794,6.814,6.844,6.784,224773400.0
2025-06-10,6.774,6.794,6.884,6.764,416132200.0
2025-06-09,6.794,6.774,6.804,6.734,291368500.0
2025-06-06,6.794,6.794,6.814,6.764,187030000.0
2025-06-05,6.774,6.784,6.814,6.764,225574200.0
2025-06-04,6.804,6.774,6.814,6.754,211897600.0
2025-06-03,6.744,6.804,6.824,6.734,272811800.0
2025-05-30,6.744,6.764,6.814,6.714,346759900.0
2025-05-29,6.744,6.734,6.764,6.714,193469900.0
2025-05-28,6.754,6.744,6.774,6.714,171017500.0
2025-05-27,6.744,6.754,6.784,6.734,182520200.0
2025-05-26,6.774,6.744,6.794,6.724,287645000.0
2025-05-23,6.814,6.774,6.844,6.764,316918800.0
2025-05-22,6.844,6.814,6.854,6.794,294075900.0
2025-05-21,6.824,6.834,6.884,6.804,254071300.0
2025-05-20,6.834,6.824,6.854,6.794,197691200.0
2025-05-19,6.854,6.814,6.894,6.804,256669100.0
2025-05-16,6.954,6.854,6.994,6.814,393514100.0
2025-05-15,6.924,6.964,6.984,6.914,270262100.0
2025-05-14,6.924,6.924,6.974,6.894,286869700.0
2025-05-13,6.854,6.924,6.944,6.814,276745900.0
2025-05-12,6.844,6.854,6.874,6.804,270277000.0
2025-05-09,6.794,6.864,6.924,6.794,312196500.0
2025-05-08,6.784,6.804,6.864,6.774,283712100.0
2025-05-07,6.704,6.804,6.804,6.664,433645600.0
2025-05-06,6.704,6.674,6.724,6.624,366374100.0
2025-04-30,6.914,6.704,6.924,6.664,644997100.0
2025-04-29,6.994,6.964,7.024,6.934,217973800.0
2025-04-28,6.914,6.984,7.034,6.914,285376600.0
2025-04-25,6.944,6.904,7.004,6.864,232602000.0
2025-04-24,6.784,6.934,6.984,6.784,357610900.0
2025-04-23,6.834,6.804,6.864,6.764,256977300.0
2025-04-22,6.744,6.844,6.854,6.734,299787100.0
2025-04-21,6.824,6.744,6.944,6.744,374298400.0
2025-04-18,6.734,6.834,6.864,6.724,388434500.0
2025-04-17,6.744,6.744,6.774,6.654,263918800.0
2025-04-16,6.654,6.754,6.754,6.624,413240200.0
2025-04-15,6.564,6.654,6.664,6.554,384179000.0
2025-04-14,6.474,6.564,6.594,6.464,439404200.0
2025-04-11,6.454,6.494,6.494,6.414,347554500.0
2025-04-10,6.494,6.444,6.494,6.424,401337500.0
2025-04-09,6.484,6.494,6.584,6.434,566168800.0
2025-04-08,6.394,6.514,6.534,6.374,671267800.0
2025-04-07,6.494,6.454,6.514,6.294,849156700.0
2025-04-03,6.514,6.584,6.594,6.514,306166900.0
2025-04-02,6.484,6.544,6.554,6.474,309974400.0
2025-04-01,6.564,6.494,6.594,6.474,428429100.0
2025-03-31,6.574,6.584,6.634,6.494,407133800.0
2025-03-28,6.554,6.574,6.574,6.524,212838100.0
2025-03-27,6.514,6.564,6.584,6.514,258027800.0
2025-03-26,6.554,6.524,6.574,6.504,233780100.0
2025-03-25,6.524,6.544,6.564,6.504,231805700.0
2025-03-24,6.454,6.514,6.544,6.454,306040200.0
2025-03-21,6.514,6.454,6.544,6.444,308799100.0
2025-03-20,6.564,6.534,6.614,6.504,300845200.0
2025-03-19,6.504,6.564,6.574,6.494,303269400.0
2025-03-18,6.524,6.494,6.534,6.464,236952800.0
2025-03-17,6.444,6.504,6.524,6.434,358619800.0
2025-03-14,6.414,6.444,6.504,6.414,489072100.0
2025-03-13,6.414,6.424,6.464,6.394,257295000.0
2025-03-12,6.454,6.414,6.464,6.394,317770200.0
2025-03-11,6.414,6.474,6.474,6.414,268000200.0
2025-03-10,6.484,6.434,6.494,6.414,324211600.0
2025-03-07,6.524,6.494,6.544,6.484,322375600.0
2025-03-06,6.544,6.524,6.554,6.484,365671200.0
2025-03-05,6.464,6.564,6.594,6.424,459912400.0
2025-03-04,6.514,6.474,6.534,6.474,343656200.0
2025-03-03,6.564,6.544,6.584,6.474,396401900.0
2025-02-28,6.594,6.564,6.674,6.564,431589600.0
2025-02-27,6.554,6.624,6.644,6.454,439190200.0
2025-02-26,6.554,6.574,6.634,6.534,329370000.0
2025-02-25,6.584,6.554,6.624,6.524,313984500.0
2025-02-24,6.594,6.584,6.634,6.514,437331000.0
2025-02-21,6.754,6.624,6.764,6.604,577209800.0
2025-02-20,6.734,6.774,6.784,6.694,251326700.0
2025-02-19,6.774,6.744,6.814,6.724,322072300.0
2025-02-18,6.644,6.784,6.834,6.634,397512100.0
2025-02-17,6.674,6.654,6.694,6.604,271346000.0
2025-02-14,6.654,6.684,6.694,6.594,253157800.0
2025-02-13,6.584,6.654,6.684,6.564,294524400.0
2025-02-12,6.504,6.594,6.614,6.424,325781100.0
2025-02-11,6.374,6.514,6.514,6.374,394195400.0
2025-02-10,6.354,6.364,6.434,6.334,311926800.0
2025-02-07,6.364,6.384,6.384,6.304,367643900.0
2025-02-06,6.394,6.384,6.454,6.344,264423700.0
2025-02-05,6.514,6.384,6.534,6.374,330540600.0
2025-01-27,6.374,6.514,6.544,6.374,371866200.0
2025-01-24,6.364,6.364,6.414,6.264,328205200.0
2025-01-23,6.174,6.354,6.384,6.174,544682000.0
2025-01-22,6.234,6.134,6.254,6.094,411169400.0
2025-01-21,6.274,6.244,6.304,6.214,215743500.0
2025-01-20,6.314,6.264,6.324,6.254,227362300.0
2025-01-17,6.364,6.304,6.394,6.294,278134600.0
2025-01-16,6.334,6.374,6.384,6.264,267468100.0
2025-01-15,6.294,6.324,6.424,6.274,307598300.0
2025-01-14,6.284,6.304,6.344,6.254,341885300.0
2025-01-13,6.354,6.294,6.364,6.184,330603300.0
2025-01-10,6.414,6.364,6.434,6.294,262025800.0
2025-01-09,6.454,6.404,6.464,6.354,236723400.0
2025-01-08,6.384,6.454,6.534,6.364,399684300.0
2025-01-07,6.304,6.384,6.404,6.254,382021800.0
2025-01-06,6.261,6.301,6.331,6.141,474224700.0
2025-01-03,6.361,6.261,6.381,6.171,521074000.0
2025-01-02,6.461,6.351,6.531,6.311,531482500.0
2024-12-31,6.491,6.471,6.581,6.451,520980200.0
2024-12-30,6.431,6.501,6.551,6.421,482330300.0
2024-12-27,6.441,6.471,6.491,6.311,510704100.0
2024-12-26,6.491,6.481,6.491,6.341,487252300.0
2024-12-25,6.321,6.491,6.591,6.311,636090100.0
2024-12-24,6.261,6.331,6.341,6.201,464147400.0
2024-12-23,6.081,6.251,6.311,6.081,487110000.0
2024-12-20,6.051,6.081,6.161,6.051,376548800.0
2024-12-19,6.121,6.041,6.161,6.031,361528500.0
2024-12-18,6.091,6.141,6.201,6.081,348942500.0
2024-12-17,6.071,6.061,6.141,6.061,313847700.0
2024-12-16,5.941,6.081,6.131,5.931,471572600.0
2024-12-13,5.951,5.941,6.001,5.911,389098400.0
2024-12-12,5.871,5.971,5.971,5.861,290184500.0
2024-12-11,5.951,5.861,6.001,5.851,387000300.0
2024-12-10,5.901,5.971,6.001,5.881,437294600.0
2024-12-09,5.851,5.871,5.921,5.831,312743300.0
2024-12-06,5.811,5.871,5.891,5.801,311963000.0
2024-12-05,5.801,5.811,5.881,5.781,264528300.0
2024-12-04,5.761,5.811,5.831,5.721,357231500.0
2024-12-03,5.681,5.761,5.761,5.671,338517200.0
2024-12-02,5.711,5.681,5.711,5.651,241748000.0
2024-11-29,5.741,5.701,5.781,5.691,290646500.0
2024-11-28,5.741,5.741,5.771,5.701,201840000.0
2024-11-27,5.701,5.751,5.771,5.691,288317400.0
2024-11-26,5.621,5.711,5.731,5.601,330004100.0
2024-11-25,5.611,5.621,5.681,5.601,290372200.0
2024-11-22,5.691,5.601,5.701,5.601,297820300.0
2024-11-21,5.681,5.681,5.701,5.661,180910700.0
2024-11-20,5.681,5.691,5.731,5.671,268242100.0
2024-11-19,5.731,5.701,5.771,5.621,429498700.0
2024-11-18,5.631,5.741,5.791,5.621,693242500.0
2024-11-15,5.611,5.601,5.661,5.581,384523300.0
2024-11-14,5.581,5.621,5.651,5.561,373526500.0
2024-11-13,5.551,5.591,5.621,5.531,343885800.0
2024-11-12,5.591,5.551,5.621,5.551,329274200.0
2024-11-11,5.631,5.591,5.641,5.571,398730200.0
2024-11-08,5.701,5.661,5.721,5.651,330042400.0
2024-11-07,5.631,5.701,5.701,5.611,379448800.0
2024-11-06,5.681,5.641,5.701,5.621,345023100.0
2024-11-05,5.651,5.701,5.701,5.641,312510800.0
2024-11-04,5.701,5.681,5.701,5.601,318060500.0
2024-11-01,5.591,5.701,5.701,5.581,451237900.0
2024-10-31,5.591,5.591,5.651,5.561,305288000.0
2024-10-30,5.601,5.561,5.631,5.551,305412000.0
2024-10-29,5.621,5.611,5.661,5.601,293860700.0
2024-10-28,5.661,5.621,5.661,5.581,329536400.0
2024-10-25,5.701,5.671,5.721,5.651,284529000.0
2024-10-24,5.681,5.711,5.751,5.671,288789500.0
2024-10-23,5.691,5.691,5.711,5.661,306854500.0
2024-10-22,5.721,5.691,5.761,5.661,431271500.0
2024-10-21,5.841,5.711,5.841,5.691,568464900.0
2024-10-18,5.841,5.871,5.911,5.761,514452200.0
2024-10-17,5.901,5.841,5.951,5.841,328081300.0
2024-10-16,5.781,5.911,5.951,5.771,414614600.0
2024-10-15,5.981,5.811,6.001,5.811,492769200.0
2024-10-14,5.871,6.021,6.051,5.871,789921100.0
2024-10-11,5.801,5.821,5.941,5.751,529952800.0
2024-10-10,5.601,5.821,5.951,5.591,1091528100.0
2024-10-09,5.611,5.591,5.721,5.531,1009071800.0
2024-10-08,6.051,5.671,6.211,5.591,1688226200.0
2024-09-30,5.561,5.731,5.861,5.381,1616174200.0
2024-09-27,5.801,5.561,5.891,5.471,687209300.0
2024-09-26,5.591,5.751,5.761,5.551,521674400.0
2024-09-25,5.641,5.591,5.771,5.521,629820800.0
2024-09-24,5.301,5.551,5.551,5.281,605204900.0
2024-09-23,5.211,5.271,5.291,5.171,227037700.0
2024-09-20,5.211,5.221,5.241,5.171,282832300.0
2024-09-19,5.241,5.201,5.261,5.131,280996800.0
2024-09-18,5.121,5.231,5.231,5.121,246839400.0
2024-09-13,5.091,5.111,5.131,5.071,234048700.0
2024-09-12,5.061,5.091,5.111,5.001,286853600.0
2024-09-11,5.211,5.091,5.221,5.051,359763400.0
2024-09-10,5.161,5.221,5.271,5.151,368343200.0
2024-09-09,5.181,5.161,5.201,5.061,282126700.0
2024-09-06,5.181,5.191,5.281,5.171,290696800.0
2024-09-05,5.251,5.181,5.281,5.151,383530800.0
2024-09-04,5.271,5.261,5.331,5.211,392331400.0
2024-09-03,5.481,5.311,5.501,5.231,648640100.0
2024-09-02,5.451,5.491,5.551,5.431,568240200.0
2024-08-30,5.731,5.531,5.791,5.511,880782300.0
2024-08-29,6.031,5.771,6.041,5.751,557314700.0
2024-08-28,6.081,6.041,6.121,5.991,314722500.0
2024-08-27,5.971,6.081,6.101,5.961,323249600.0
2024-08-26,5.991,5.981,6.021,5.901,267311100.0
2024-08-23,5.971,6.011,6.031,5.901,265657400.0
2024-08-22,5.841,5.971,5.991,5.841,350230200.0
2024-08-21,5.901,5.851,5.911,5.801,331588300.0
2024-08-20,5.811,5.941,5.951,5.801,399597400.0
2024-08-19,5.691,5.821,5.841,5.651,338863500.0
2024-08-16,5.601,5.691,5.701,5.581,270194000.0
2024-08-15,5.571,5.601,5.611,5.551,206740100.0
2024-08-14,5.531,5.571,5.591,5.521,188044800.0
2024-08-13,5.541,5.551,5.631,5.481,240418700.0
2024-08-12,5.471,5.541,5.571,5.461,225847800.0
2024-08-09,5.421,5.471,5.481,5.391,185078800.0
2024-08-08,5.381,5.421,5.431,5.361,187175900.0
2024-08-07,5.371,5.371,5.431,5.351,227015200.0
2024-08-06,5.431,5.351,5.441,5.331,275470000.0
2024-08-05,5.431,5.421,5.501,5.381,319544600.0
2024-08-02,5.401,5.431,5.471,5.381,281415800.0
2024-08-01,5.381,5.431,5.461,5.281,373139400.0
2024-07-31,5.531,5.401,5.561,5.381,461473000.0
2024-07-30,5.521,5.541,5.581,5.461,249533500.0
2024-07-29,5.471,5.531,5.531,5.391,261893100.0
2024-07-26,5.601,5.481,5.621,5.411,415945600.0
2024-07-25,5.601,5.611,5.671,5.521,411478700.0
2024-07-24,5.551,5.611,5.661,5.541,318449800.0
2024-07-23,5.371,5.561,5.611,5.361,508143800.0
2024-07-22,5.431,5.391,5.441,5.311,323060700.0
2024-07-19,5.451,5.461,5.471,5.371,360144000.0
2024-07-18,5.451,5.461,5.471,5.411,255386400.0
2024-07-17,5.431,5.461,5.491,5.391,321899200.0
2024-07-16,5.471,5.441,5.521,5.381,503559100.0
2024-07-15,5.334,5.444,5.484,5.304,428958300.0
2024-07-12,5.164,5.324,5.344,5.154,400967300.0
2024-07-11,5.244,5.174,5.244,5.104,376798500.0
2024-07-10,5.184,5.244,5.254,5.184,287630100.0
2024-07-09,5.134,5.184,5.184,5.094,295534300.0
2024-07-08,5.064,5.134,5.184,5.054,288364900.0
2024-07-05,5.204,5.074,5.244,5.054,399312000.0
2024-07-04,5.134,5.204,5.224,5.124,261898000.0
2024-07-03,5.204,5.134,5.224,5.094,274371900.0
2024-07-02,5.064,5.214,5.224,5.054,377040500.0
2024-07-01,4.934,5.064,5.094,4.924,320284600.0
2024-06-28,4.934,4.944,4.964,4.894,268553300.0
2024-06-27,4.864,4.944,4.954,4.844,315653600.0
2024-06-26,4.844,4.874,4.904,4.834,252470500.0
2024-06-25,4.804,4.844,4.854,4.794,292474100.0
2024-06-24,4.754,4.814,4.824,4.744,331721100.0
2024-06-21,4.754,4.754,4.774,4.724,224827400.0
2024-06-20,4.744,4.764,4.764,4.724,213376700.0
2024-06-19,4.684,4.744,4.744,4.684,247937000.0
2024-06-18,4.664,4.694,4.704,4.634,201065000.0
2024-06-17,4.734,4.674,4.744,4.644,273785800.0
2024-06-14,4.674,4.744,4.764,4.664,369814100.0
2024-06-13,4.644,4.674,4.684,4.634,180474500.0
2024-06-12,4.684,4.644,4.694,4.604,323476200.0
2024-06-11,4.764,4.684,4.784,4.684,333761400.0
2024-06-07,4.704,4.764,4.764,4.694,297294300.0
2024-06-06,4.704,4.704,4.734,4.694,237521400.0
2024-06-05,4.714,4.704,4.724,4.694,188997500.0
2024-06-04,4.684,4.714,4.714,4.684,175628800.0
2024-06-03,4.674,4.684,4.694,4.654,215772700.0
2024-05-31,4.694,4.674,4.714,4.674,203742300.0
2024-05-30,4.714,4.684,4.724,4.664,223985100.0
2024-05-29,4.734,4.714,4.754,4.694,227719900.0
2024-05-28,4.724,4.734,4.754,4.704,195724000.0
2024-05-27,4.694,4.724,4.734,4.684,215568200.0
2024-05-24,4.734,4.684,4.754,4.684,226186100.0
2024-05-23,4.764,4.734,4.774,4.714,224162500.0
2024-05-22,4.744,4.754,4.784,4.734,245844100.0
2024-05-21,4.704,4.744,4.754,4.684,273676000.0
2024-05-20,4.714,4.704,4.774,4.684,331820300.0
2024-05-17,4.654,4.714,4.714,4.634,383001600.0
2024-05-16,4.614,4.654,4.664,4.604,297188900.0
2024-05-15,4.614,4.624,4.634,4.604,142708100.0
2024-05-14,4.654,4.614,4.654,4.604,257866700.0
2024-05-13,4.644,4.654,4.674,4.604,239094000.0
2024-05-10,4.634,4.644,4.664,4.624,264686100.0
2024-05-09,4.644,4.624,4.654,4.614,240195600.0
2024-05-08,4.644,4.654,4.694,4.624,296767200.0
2024-05-07,4.614,4.644,4.654,4.594,278163100.0
2024-05-06,4.694,4.614,4.714,4.604,405871400.0
2024-04-30,4.614,4.674,4.694,4.604,260174400.0
2024-04-29,4.634,4.624,4.684,4.584,349015100.0
2024-04-26,4.734,4.644,4.784,4.634,471033100.0
2024-04-25,4.724,4.734,4.744,4.694,165074600.0
2024-04-24,4.744,4.714,4.764,4.704,236026000.0
2024-04-23,4.734,4.744,4.824,4.704,330913000.0
2024-04-22,4.814,4.724,4.884,4.714,327521200.0
2024-04-19,4.744,4.794,4.834,4.744,255940600.0
2024-04-18,4.734,4.764,4.874,4.724,387972800.0
2024-04-17,4.694,4.744,4.764,4.634,332204200.0
2024-04-16,4.664,4.714,4.744,4.624,400069300.0
2024-04-15,4.574,4.664,4.674,4.574,401243900.0
2024-04-12,4.564,4.564,4.594,4.534,248394400.0
2024-04-11,4.564,4.564,4.584,4.514,200263800.0
2024-04-10,4.584,4.584,4.634,4.564,244947200.0
2024-04-09,4.644,4.574,4.684,4.564,313915000.0
2024-04-08,4.574,4.644,4.654,4.554,307046900.0
2024-04-03,4.584,4.574,4.604,4.544,218224100.0
2024-04-02,4.534,4.584,4.604,4.524,314250100.0
2024-04-01,4.524,4.534,4.564,4.514,201919900.0
2024-03-29,4.494,4.524,4.574,4.474,229812300.0
2024-03-28,4.584,4.494,4.594,4.464,397889800.0
2024-03-27,4.564,4.604,4.634,4.544,290707900.0
2024-03-26,4.534,4.574,4.574,4.504,243359600.0
2024-03-25,4.494,4.534,4.534,4.484,237408100.0
2024-03-22,4.474,4.494,4.514,4.424,265784400.0
2024-03-21,4.444,4.464,4.484,4.424,205106300.0
2024-03-20,4.394,4.444,4.464,4.364,245397600.0
2024-03-19,4.424,4.394,4.444,4.394,202804600.0
2024-03-18,4.454,4.424,4.464,4.414,191173500.0
2024-03-15,4.434,4.454,4.484,4.434,225861400.0
2024-03-14,4.404,4.434,4.474,4.384,241311400.0
2024-03-13,4.434,4.414,4.454,4.384,300360700.0
2024-03-12,4.604,4.444,4.604,4.434,511714800.0
2024-03-11,4.624,4.614,4.634,4.574,224302600.0
2024-03-08,4.614,4.634,4.644,4.584,247200400.0
2024-03-07,4.594,4.624,4.644,4.584,307459400.0
2024-03-06,4.694,4.594,4.734,4.594,352787200.0
2024-03-05,4.564,4.704,4.724,4.544,429846700.0
2024-03-04,4.564,4.564,4.584,4.524,255757300.0
2024-03-01,4.564,4.584,4.594,4.534,247751100.0
2024-02-29,4.554,4.574,4.604,4.544,252077800.0
2024-02-28,4.544,4.574,4.614,4.474,380609400.0
2024-02-27,4.544,4.544,4.604,4.494,294099900.0
2024-02-26,4.724,4.564,4.724,4.544,367717900.0
2024-02-23,4.654,4.724,4.764,4.654,358318500.0
2024-02-22,4.644,4.664,4.674,4.604,223127900.0
2024-02-21,4.584,4.654,4.714,4.574,346734900.0
2024-02-20,4.514,4.594,4.604,4.474,305978100.0
2024-02-19,4.404,4.514,4.524,4.344,479714400.0
2024-02-08,4.404,4.404,4.414,4.334,465369300.0
2024-02-07,4.554,4.474,4.554,4.324,775335500.0
2024-02-06,4.534,4.564,4.624,4.514,564913700.0
2024-02-05,4.414,4.534,4.544,4.404,615938800.0
2024-02-02,4.384,4.414,4.444,4.334,407597800.0
2024-02-01,4.394,4.384,4.444,4.374,299371500.0
2024-01-31,4.364,4.414,4.434,4.344,296385900.0
2024-01-30,4.384,4.374,4.424,4.334,291481700.0
2024-01-29,4.324,4.404,4.444,4.324,384404100.0
2024-01-26,4.254,4.334,4.354,4.234,389936800.0
2024-01-25,4.224,4.254,4.294,4.214,343758400.0
2024-01-24,4.144,4.214,4.224,4.124,334847500.0
2024-01-23,4.134,4.134,4.164,4.084,310748800.0
2024-01-22,4.114,4.134,4.184,4.104,442063500.0
